-- Заполнение таблицы STAFF
INSERT INTO STAFF (FName, LName, SName, DOB, Sex, City, Street, House, Flat, Stel_no, ID_Pass, Date_of_Issue, Validity, Pass_series, Pass_no, Gov_no, Government, Date_Joined, Position, Salary)
VALUES
    ('Иван', 'Иванов', 'Иванович', '1990-01-01', 'Мужской', 'Город1', 'Улица1', '1', '1', '+375291234567', '1234567A001BCD123', '2022-01-01', '2023-01-01', 'AB', '123456', '7890123', 'Орган1', '2022-01-01', 'Должность1', 5000.00),
    ('Елена', 'Петрова', 'Сергеевна', '1985-02-15', 'Женский', 'Город2', 'Улица2', '2', '2', '+375291234568', '2345678B002CDE234', '2022-02-01', '2023-02-01', 'CD', '234567', '8901234', 'Орган2', '2022-02-15', 'Должность2', 6000.00),
    ('Алексей', 'Сидоров', 'Петрович', '1988-03-20', 'Мужской', 'Город3', 'Улица3', '3', '3', '+375291234569', '2345681B001C21', '2022-03-01', '2023-03-01', 'DE', '345678', '9012345', 'Орган3', '2022-03-20', 'Должность3', 5500.00),
    ('Наталья', 'Ковалева', 'Игоревна', '1992-04-25', 'Женский', 'Город4', 'Улица4', '4', '4', '+375291234570', '2345681B001C22', '2022-04-01', '2023-04-01', 'EF', '456789', '0123456', 'Орган4', '2022-04-25', 'Должность4', 6500.00),
    ('Андрей', 'Васнецов', 'Иванович', '1980-05-10', 'Мужской', 'Город5', 'Улица5', '5', '5', '+375291234571', '1445681B001C23', '2022-05-01', '2023-05-01', 'FG', '567890', '1234567', 'Орган5', '2022-05-10', 'Должность5', 7000.00),
    ('Юлия', 'Семенова', 'Александровна', '1986-06-15', 'Женский', 'Город6', 'Улица6', '6', '6', '+375291234572', '1345681B001C24', '2022-06-01', '2023-06-01', 'GH', '678901', '2345678', 'Орган6', '2022-06-15', 'Должность6', 7500.00),
    ('Владимир', 'Тарасов', 'Николаевич', '1982-07-20', 'Мужской', 'Город7', 'Улица7', '7', '7', '+375291234573', '2345681B001C25', '2022-07-01', '2023-07-01', 'HI', '789012', '3456789', 'Орган7', '2022-07-20', 'Должность7', 8000.00),
    ('Ольга', 'Павлова', 'Дмитриевна', '1994-08-25', 'Женский', 'Город8', 'Улица8', '8', '8', '+375291234574', '1245681B001C26', '2022-08-01', '2023-08-01', 'IJ', '890123', '4567890', 'Орган8', '2022-08-25', 'Должность8', 8500.00),
    ('Сергей', 'Кузнецов', 'Игнатьевич', '1983-09-30', 'Мужской', 'Город9', 'Улица9', '9', '9', '+375291234575', '2345681B001C27', '2022-09-01', '2023-09-01', 'JK', '901234', '5678901', 'Орган9', '2022-09-30', 'Должность9', 9000.00),
    ('Татьяна', 'Григорьева', 'Сергеевна', '1987-10-05', 'Женский', 'Город10', 'Улица10', '10', '10', '+375291234576', '2345681B001C28', '2022-10-01', '2023-10-01', 'KL', '012345', '6789012', 'Орган10', '2022-10-05', 'Должность10', 9500.00);


-- Заполнение таблицы AUTO
INSERT INTO AUTO (Code_mark, NCar, Engine, Transmission, Сapacity, Fuel_consumption, Car_text, Code_car, Reg_no, Car_body_no, Engine_no, IYear, Mileage, Car_price, Rental_price, Date_maintenance)
VALUES
   (1, 'Toyota Camry', 'Бензин', 'Автомат', 2.5, 8.5, 'Просторный и комфортабельный седан', 'AB1234', 'АВ1234-7', '12345678', '87654321', 2021, 15000, 25000.00, 100.00, '2022-05-01'),
    (2, 'Honda Civic', 'Бензин', 'Механическая', 1.8, 7.0, 'Экономичный и стильный хэтчбек', 'CD5678', 'ВС5678-5', '87654321', '54321678', 2020, 20000, 20000.00, 80.00, '2022-04-01'),
    (3, 'Nissan Qashqai', 'Дизель', 'Робот', 1.6, 6.5, 'Универсальный кроссовер для города и пригорода', 'EF9012', 'АЕ9012-9', '65432187', '87654321', 2022, 10000, 30000.00, 120.00, '2022-06-01'),
    (4, 'Ford Focus', 'Бензин', 'Автомат', 2.0, 8.0, 'Динамичный и надежный хэтчбек', 'GH3456', 'УВ3456-3', '23456789', '98765432', 2021, 12000, 22000.00, 90.00, '2022-03-01'),
    (5, 'Volkswagen Polo', 'Бензин', 'Механическая', 1.4, 6.0, 'Компактный и экономичный седан', 'IJ7890', 'ПХ7890-1', '76543210', '01234567', 2020, 18000, 18000.00, 70.00, '2022-02-01'),
    (6, 'Chevrolet Malibu', 'Гибрид', 'Автомат', 1.8, 5.5, 'Элегантный седан с эффективной системой экономии топлива', 'KL0123', 'ХГ0123-6', '12345678', '87654321', 2022, 8000, 28000.00, 110.00, '2022-07-01'),
    (7, 'Mazda CX-5', 'Бензин', 'Автомат', 2.5, 9.0, 'Стильный кроссовер с отличной управляемостью', 'MN2345', 'ЗД2345-8', '87654321', '54321678', 2021, 14000, 26000.00, 100.00, '2022-05-01'),
    (8, 'Kia Sportage', 'Дизель', 'Робот', 2.0, 7.5, 'Просторный и надежный кроссовер', 'OP4567', 'ОК4567-4', '65432187', '87654321', 2020, 16000, 24000.00, 90.00, '2022-04-01'),
    (9, 'Hyundai Elantra', 'Бензин', 'Механическая', 1.6, 7.0, 'Компактный седан с современным дизайном', 'QR5678', 'ЛН5678-2', '23456789', '98765432', 2022, 11000, 20000.00, 80.00, '2022-06-01'),
    (10, 'Mercedes-Benz C-Class', 'Дизель', 'Автомат', 3.0, 10.0, 'Премиальный седан с высоким уровнем комфорта', 'ST7890', 'УХ7890-0', '76543210', '01234567', 2021, 13000, 32000.00, 120.00, '2022-03-01');


-- Заполнение таблицы COMPANY
INSERT INTO COMPANY (Company_no, Postcode, Street, City, House, Btel_no, Fax_no)
VALUES
   ('123456789', '220001', 'Улица 1', 'Город 1', 'Дом 1', '+375172345678', '+375172345600'),
    ('234567890', '220002', 'Улица 2', 'Город 2', 'Дом 2', '+375293456789', '+375293456700'),
    ('345678901', '220003', 'Улица 3', 'Город 3', 'Дом 3', '+375333456789', '+375333456800'),
    ('456789012', '220004', 'Улица 4', 'Город 4', 'Дом 4', '+375252345678', '+375252345900'),
    ('567890123', '220005', 'Улица 5', 'Город 5', 'Дом 5', '+375442345678', '+375442345100'),
    ('678901234', '220006', 'Улица 6', 'Город 6', 'Дом 6', '+375172345678', '+375172345200'),
    ('789012345', '220007', 'Улица 7', 'Город 7', 'Дом 7', '+375292345678', '+375292345300'),
    ('890123456', '220008', 'Улица 8', 'Город 8', 'Дом 8', '+375332345678', '+375332345400'),
    ('901234567', '220009', 'Улица 9', 'Город 9', 'Дом 9', '+375252345678', '+375252345500'),
    ('012345678', '220010', 'Улица 10', 'Город 10', 'Дом 10', '+375442345678', '+375442345600');


-- Заполнение таблицы CUSTOMER
INSERT INTO CUSTOMER (Age, Pass_data, FName, LName, Branch_no, SName, City, Street, ID_Pass, Date_of_Issue, Validity, Pass_series, Pass_no, Gov_no, Government, House, Flat, Tell_no, Regular_customer, Fine)
VALUES
    (25, 'AB1234567', 'Иван', 'Иванов', 1, 'Иванович', 'Город 1', 'Улица 1', '1234567A8901B234', '2020-01-01', '2025-01-01', 'AB', '12345678', '123ABC', 'ОВД Города 1', 'Дом 1', 'Квартира 1', '+375172345678', TRUE, FALSE),
    (30, 'CD5678901', 'Петр', 'Петров', 2, 'Петрович', 'Город 2', 'Улица 2', '2345678C9012D345', '2020-02-01', '2024-02-01', 'CD', '56789012', '456DEF', 'ОВД Города 2', 'Дом 2', 'Квартира 2', '+375293456789', FALSE, FALSE),
    (22, 'EF9012345', 'Мария', 'Сидорова', 3, 'Александровна', 'Город 3', 'Улица 3', '3456789E0123F456', '2020-03-01', '2023-03-01', 'EF', '90123456', '789GHI', 'ОВД Города 3', 'Дом 3', 'Квартира 3', '+375333456789', TRUE, TRUE),
    (28, 'GH3456789', 'Алексей', 'Николаев', 4, 'Владимирович', 'Город 4', 'Улица 4', '4567890G1234H567', '2020-04-01', '2022-04-01', 'GH', '34567890', '012JKL', 'ОВД Города 4', 'Дом 4', 'Квартира 4', '+375252345678', FALSE, FALSE),
    (32, 'IJ7890123', 'Елена', 'Антонова', 5, 'Игоревна', 'Город 5', 'Улица 5', '5678901I2345J678', '2020-05-01', '2026-05-01', 'IJ', '78901234', '123MNO', 'ОВД Города 5', 'Дом 5', 'Квартира 5', '+375442345678', TRUE, TRUE),
    (26, 'KL0123456', 'Дмитрий', 'Васильев', 6, 'Дмитриевич', 'Город 6', 'Улица 6', '6789012K3456L012', '2020-06-01', '2025-06-01', 'KL', '01234567', '234PQR', 'ОВД Города 6', 'Дом 6', 'Квартира 6', '+375172345678', FALSE, FALSE),
    (29, 'MN2345678', 'Анна', 'Павлова', 7, 'Андреевна', 'Город 7', 'Улица 7', '7890123M4567N890', '2020-07-01', '2024-07-01', 'MN', '23456789', '345STU', 'ОВД Города 7', 'Дом 7', 'Квартира 7', '+375292345678', TRUE, TRUE),
    (24, 'OP4567890', 'Игорь', 'Смирнов', 8, 'Игоревич', 'Город 8', 'Улица 8', '8901234O5678P901', '2020-08-01', '2023-08-01', 'OP', '45678901', '456VWX', 'ОВД Города 8', 'Дом 8', 'Квартира 8', '+375332345678', FALSE, FALSE),
    (31, 'QR5678901', 'Светлана', 'Литвинова', 9, 'Владимировна', 'Город 9', 'Улица 9', '9012345Q1234R567', '2020-09-01', '2022-09-01', 'QR', '56789012', '567YZA', 'ОВД Города 9', 'Дом 9', 'Квартира 9', '+375252345678', TRUE, TRUE),
    (27, 'ST7890123', 'Владислав', 'Федоров', 10, 'Владимирович', 'Город 10', 'Улица 10', '0123456S7890T123', '2020-10-01', '2026-10-01', 'ST', '78901234', '678BCD', 'ОВД Города 10', 'Дом 10', 'Квартира 10', '+375442345678', FALSE, FALSE);


-- Заполнение таблицы RENTAL_CONTRACT
INSERT INTO RENTAL_CONTRACT (Date_contact, Subject_contact, Code_auto, Company_no, Customer_no, Rental_price)
VALUES
    ('2022-01-01', 'Прокат автомобиля', 1, '123456789', 1, 50.00),
    ('2022-02-01', 'Аренда авто на выходные', 2, '234567890', 2, 70.00),
    ('2022-03-01', 'Долгосрочная аренда', 3, '345678901', 3, 100.00),
    ('2022-04-01', 'Пробная поездка', 4, '456789012', 4, 80.00),
    ('2022-05-01', 'Аренда для поездки за город', 5, '567890123', 5, 120.00),
    ('2022-06-01', 'Семейная поездка', 6, '678901234', 6, 90.00),
    ('2022-07-01', 'Автобизнес-поездка', 7, '789012345', 7, 110.00),
    ('2022-08-01', 'Отпуск на колесах', 8, '890123456', 8, 60.00),
    ('2022-09-01', 'Аренда для друзей', 9, '901234567', 9, 75.00),
    ('2022-10-01', 'Экскурсия на авто', 10, '012345678', 10, 95.00);


-- Заполнение таблицы ACCEPTANCE_CERTIFICATE
INSERT INTO ACCEPTANCE_CERTIFICATE (Staff_no, Date_a_cettificate, Code_auto, Rental_price, Code_mechanic, Spec_marks, Return_stamp, Cade_client, Date_of_issue, Time_of_issue, Return_date, Return_time, Rental_hours, Overdue_hours, Fine_amount)
VALUES
    (11, '2022-01-15', 11, 50.00, 11, 'Нет', TRUE, 1, '2022-01-15', '10:00', '2022-01-16', '12:00', 24, 0, 0.00),
    (12, '2022-02-15', 12, 70.00, 12, 'Легкие царапины', TRUE, 2, '2022-02-15', '11:30', '2022-02-18', '15:45', 72, 6, 15.00),
    (3, '2022-03-15', 13, 100.00, 3, 'Без повреждений', FALSE, 3, '2022-03-15', '09:15', '2022-03-18', '18:30', 72, 0, 0.00),
    (4, '2022-04-15', 4, 80.00, 4, 'Легкие царапины', TRUE, 4, '2022-04-15', '14:20', '2022-04-18', '17:00', 60, 3, 5.00),
    (13, '2022-05-15', 5, 120.00, 13, 'Без повреждений', FALSE, 5, '2022-05-15', '13:45', '2022-05-18', '16:30', 60, 0, 0.00),
    (6, '2022-06-15', 6, 90.00, 6, 'Легкие царапины', TRUE, 6, '2022-06-15', '12:30', '2022-06-18', '14:45', 72, 2, 10.00),
    (7, '2022-07-15', 7, 110.00, 7, 'Без повреждений', FALSE, 7, '2022-07-15', '09:00', '2022-07-18', '12:15', 60, 0, 0.00),
    (8, '2022-08-15', 8, 60.00, 8, 'Легкие царапины', TRUE, 8, '2022-08-15', '15:10', '2022-08-18', '17:30', 72, 5, 8.00),
    (9, '2022-09-15', 9, 75.00, 9, 'Без повреждений', FALSE, 9, '2022-09-15', '10:45', '2022-09-18', '13:00', 60, 0, 0.00),
    (10, '2022-10-15', 10, 95.00, 10, 'Легкие царапины', TRUE, 10, '2022-10-15', '08:30', '2022-10-18', '10:45', 72, 1, 3.00);



INSERT INTO VIEWING (RContract_no, Date_View, Comments, Customer_no, Code_auto, Staff_no_agent, Staff_no_mechanic, Result_viewing)
VALUES
    (31, '2022-09-02', 'Комментарии1', 1, 11, 11, 11, 'Проверено'),
    (32, '2022-10-02', 'Комментарии2', 2, 12, 12, 12, 'Проверено'),
    (33, '2022-11-02', 'Комментарии3', 3, 13, 3, 3, 'Проверено'),
    (34, '2022-12-02', 'Комментарии4', 4, 4, 4, 4, 'Проверено'),
    (35, '2023-01-02', 'Комментарии5', 5, 5, 13, 13, 'Проверено'),
    (36, '2023-02-02', 'Комментарии6', 6, 6, 6, 6, 'Проверено'),
    (37, '2023-03-02', 'Комментарии7', 7, 7, 7, 7, 'Проверено'),
    (38, '2023-04-02', 'Комментарии8', 8, 8, 8, 8, 'Проверено'),
    (39, '2023-05-02', 'Комментарии9', 9, 9, 9, 9, 'Проверено'),
    (40, '2023-06-02', 'Комментарии10', 10, 5, 10, 10, 'Проверено');

